{
  "SidePanelRoot": {
    "w": 192,
    "h": 1080,
    "y": -60,
    "x": 953.3023255813949
  },
  "BattleLogPanel": {
    "w": 192,
    "h": 410,
    "y": 235,
    "x": 953.3023255813949,
    "bg": true,
    "color": "181c22"
  },
  "BtnCollapse": {
    "y": 16,
    "x": 953.3023255813949
  }
}